5,A Satellite workshop on Formal Approaches to Testing of Software,FATES,CORE2008,C,No,,,
11,"ACM Conference on Applications, Technologies, Architectures, and Protocols for Computer Communication",SIGCOMM,CORE2008,A*,No,,,
12,ACM Conference on Computer and Communications Security,CCS,CORE2008,A*,Yes,,,
13,ACM Conference on Computer Supported Cooperative Work,CSCW,CORE2008,A,No,,,
14,ACM Conference on Economics and Computation,EC,CORE2008,A,Yes,,,
15,ACM Conference on Embedded Networked Sensor Systems,SENSYS,CORE2008,A*,Yes,,,
16,ACM Conference on Embedded Software,EMSOFT,CORE2008,A,No,,,
17,ACM Conference on Hypertext and Social Media,Hypertext,CORE2008,A,Yes,,,
18,ACM Conference on Object Oriented Programming Systems Languages and Applications,OOPSLA,CORE2008,A*,Yes,,,
25,ACM International Conference on Information and Knowledge Management,CIKM,CORE2008,A,Yes,,,
26,ACM International Conference on Knowledge Discovery and Data Mining,KDD,CORE2008,A*,No,,,
27,ACM International Conference on Mobile Computing and Networking,MOBICOM,CORE2008,A*,No,,,
29,ACM International Conference on Research and Development in Information Retrieval,SIGIR,CORE2008,A*,Yes,,,
30,ACM International Conference on Supercomputing,ICS,CORE2008,A,Yes,,,
32,ACM International Symposium on Computer Architecture,ISCA,CORE2008,A*,No,,,
33,ACM International Symposium on High Performance Distributed Computing,HPDC,CORE2008,A,No,,,
34,ACM International Wireless Communications and Mobile Computing Conference,IWCMC,CORE2008,B,Yes,,,
37,ACM Multimedia,ACMMM,CORE2008,A*,No,,,
38,ACM SIG International Conference on Computer Graphics and Interactive Techniques,SIGGRAPH,CORE2008,A*,No,,,
39,Measurement and Modeling of Computer Systems,SIGMETRICS,CORE2008,A*,No,,,
42,ACM SIGGRAPH/Eurographics Symposium on Computer Animation,SCA,CORE2008,A,No,,,
44,International Conference on Multimedia Retrieval (previously MIR),ICMR,CORE2008,A,Yes,,,
45,"ACM SIGMOBILE International Conference on Mobile Systems, Applications and Services",Mobisys,CORE2008,A,No,,,
46,ACM SIGMOD-SIGACT-SIGART Conference on Principles of Database Systems,PODS,CORE2008,A*,No,,,
47,ACM SIGOPS European Workshops,SIGOPS-EW,CORE2008,B,Yes,,,
48,ACM SIGOPS Symposium on Operating Systems Principles,SOSP,CORE2008,A*,No,,,
49,"ACM SIGPLAN Conference on Languages, Tools, and Compilers for Embedded Systems",LCTES,CORE2008,A,No,,,
50,ACM SIGPLAN Workshop on Partial Evaluation and Program Manipulation,PEPM,CORE2008,A,No,,,
52,"European Software Engineering Conference and the ACM SIGSOFT Symposium on the Foundations of Software Engineering (duplicate was listed as ESEC, removed from DB)",ESEC/FSE,CORE2008,A,Yes,,,
53,ACM SIGSOFT Workshop on Program Analysis for Software Tools and Engineering,PASTE,CORE2008,B,No,,,
55,ACM Special Interest Group on Computer Science Education Conference,SIGCSE,CORE2008,A,No,,,
56,ACM Special Interest Group on Management of Data Conference,SIGMOD,CORE2008,A*,No,,,
57,ACM Special Interest Group on Supporting Group Work (was SIGGRoup),Group,CORE2008,A,No,,,
58,ACM Symposium on Mobile Ad Hoc Networking and Computing,MOBIHOC,CORE2008,A,No,,,
59,ACM Symposium on Applied Computing,SAC,CORE2008,B,No,,,
60,International Symposium on Computational Geometry,SoCG,CORE2008,A,No,,,
62,ACM Symposium on Principles of Database Systems,SPDS,CORE2008,C,No,,,
63,ACM Symposium on Principles of Distributed Computing,PODC,CORE2008,A*,No,,,
65,ACM Symposium on Theory of Computing,STOC,CORE2008,A*,No,,,
66,ACM Symposium on User Interface Software and Technology,UIST,CORE2008,A,No,,,
69,ACM Workshop on Hot Topics in Networks,HOTNETS,CORE2008,A,No,,,
74,ACM Workshop on Web Information and Data Management,WIDM,CORE2008,C,No,,,
76,"ACM/IEEE International Conference on Modelling, Analysis and Simulation of Wireless and Mobile Systems",MSWIM,CORE2008,A,No,,,
78,ACM SIGSIM Conference on Principles of Advanced Discrete Simulation (was Parallel and Distributed Simulation),PADS,CORE2008,A,No,,,
79,ACM/IFIP/USENIX International Middleware Conference,Middleware,CORE2008,A,No,,,
80,ACM/SIAM Symposium on Discrete Algorithms,SODA,CORE2008,A*,No,,,
81,ACM/SPIE Multimedia Computing and Networking,MMCN,CORE2008,A,No,,,
82,ACM-SIGACT Symposium on Principles of Programming Languages,POPL,CORE2008,A*,No,,,
84,ACM-SIGPLAN Conference on Programming Language Design and Implementation,PLDI,CORE2008,A*,No,,,
85,ACM-SIGRAPH Interactive 3D Graphics and Games,I3DG,CORE2008,A*,Yes,,,
87,Active and Real-Time Database Systems,ARTDB,CORE2008,C,No,,,
89,Advanced Concepts for Intelligent Vision Systems,ACIVS,CORE2008,B,Yes,,,
91,Advanced Research in VLSI,ARVLSI,CORE2008,C,No,,,
92,IEEE International Conference on Advanced Video and Signal Based Surveillance,AVSS,CORE2008,A,No,,,
94,Advances in Cryptology,CRYPTO,CORE2008,A*,No,,,
96,Advances in Intelligent Systems,AIS,CORE2008,C,No,,,
97,Advances in Modal Logic,AiML,CORE2008,A,No,,,
98,Advances in Neural Information Processing Systems,NeurIPS,CORE2008,A*,No,,,
100,Agent-Oriented Information Systems Workshop,AOIS,CORE2008,B,No,,,
101,Agent-Oriented Software Engineering Workshop (merged into EMAS in 2013),AOSE,CORE2008,B,No,,,
105,Algebraic Methodology and Software Technology,AMAST,CORE2008,C,No,,,
107,Algorithms and Complexity in Durham,ACID,CORE2008,L,No,,,
108,Algorithms and Data Structures Symposium (was Workshop on Algorithms and Data Structures),WADS,CORE2008,A,Yes,,,
115,Americas Conference on Information Systems,AMCIS,CORE2008,B,No,,,
118,Annual Conference of the Australasian Society for Computers in Learning in Tertiary Education,ASCILITE,CORE2008,L,Yes,,,
120,Annual Conference of the Cognitive Science Society,CogSci,CORE2008,A,No,,,
122,Annual Conference of the International Academy for Information Management,IAIM,CORE2008,C,No,,,
123,Annual Conference of the International Speech Communication Association (was Eurospeech),Interspeech,CORE2008,C,No,,,
124,Annual Conference on Computational Learning Theory,COLT,CORE2008,A*,No,,,
125,Annual Conference on Evolutionary Programming,EP,CORE2008,C,No,,,
126,Annual Conference on Innovation and Technology in Computer Science Education,ITiCSE,CORE2008,A,No,,,
128,"Annual Convention for Survey, Mapping and Remote Sensing",RS,CORE2008,C,No,,,
133,Annual Meeting of the Decision Sciences Institute,DSI,CORE2008,C,No,,,
135,Annual PPIG Workshop,PPIG,CORE2008,B,No,,,
138,Selected Areas in Cryptography,SAC,CORE2008,C,Yes,,,
140,Apple University Consortium Academic and Developers Conference,AUCADC,CORE2008,L,No,,,
141,Application of Computers and Operations Research in the Minerals Industries,APCOMin,CORE2008,C,No,,,
142,Application of Concurrency to System Design,ACSD,CORE2008,B,No,,,
144,Applications of Natural Language to Data Bases,NLDB,CORE2008,C,No,,,
147,Architectural Support for Programming Languages and Operating Systems,ASPLOS,CORE2008,A*,No,,,
150,Artificial Intelligence in Medicine,AIIM,CORE2008,A,No,,,
151,Artificial Intelligence in Medicine in Europe,AIME,CORE2008,A,Yes,,,
152,Artificial Neural Networks in Engineering Conference,ANNIE,CORE2008,B,No,,,
159,Asia Pacific Conference on Communications,APCC,CORE2008,B,No,,,
160,Asia Pacific Conference on Hardware Description Languages (was Asia Pacific CHipDesign Languages),APCHDL,CORE2008,L,No,,,
161,Asia Pacific Decision Science Institute Conference,APDSI,CORE2008,L,No,,,
162,Asia and South Pacific Design Automation Conference,ASPDAC,CORE2008,L,No,,,
165,Web and Big Data,APWEB,CORE2008,B,Yes,,,
166,Asian Computing Science Conference,ASIAN,CORE2008,B,No,,,
167,Asian Conference on Computer Vision,ACCV,CORE2008,B,No,,,
169,Asian International Mobile Computing Conference,AMOC,CORE2008,B,No,,,
171,ASIAN Symposium on Programming Languages and Systems,APLAS,CORE2008,B,Yes,,,
175,Asia-Pacific Bioinformatics Conference,APBC,CORE2008,B,No,,,
176,Asia-Pacific Computer Human Interaction Conference,APCHI,CORE2008,B,No,,,
181,Asia-Pacific Conference on Simulated Evolution and Learning,SEAL,CORE2008,B,No,,,
183,Asia-Pacific Forum on Engineering and Technology Education,AFETE,CORE2008,L,No,,,
184,Asia-Pacific Network Operations and Management Symposium,APNOMS,CORE2008,B,No,,,
186,Asia-Pacific Software Engineering Conference,APSEC,CORE2008,B,Yes,,,
189,"Asilomar Conference on Signals, Systems and Computing",ACSSC,CORE2008,L,No,,,
191,Aspect-Oriented Software Development,AOSD,CORE2008,A,No,,,
193,Association for Computer-Aided Architectural Design Research in Asia (CAADRIA) annual conference,CAADRIA,CORE2008,C,No,,,
196,Association of Computational Linguistics,ACL,CORE2008,A*,No,,,
201,Australasia Conference on Information Security and Privacy,AISP,CORE2008,B,Yes,,,
203,Australasian Cognitive Science Society Conference,AuCSS,CORE2008,L,Yes,,,
204,Australasian Compumod Users' Conference,COMPUMOD,CORE2008,L,Yes,,,
205,Australasian Computer Architecture Conference,ACAC,CORE2008,L,Yes,,,
206,Australasian Computer Music Conference,ACMA,CORE2008,L,Yes,,,
207,Australasian Computer Science Conference,ACSC,CORE2008,B,Yes,,,
208,Australasian Computer Systems Architecture Conference (now Asia-Pacific Computer Systems Architecture Conference),ACSAC,CORE2008,B,Yes,,,
209,Australasian Computers in Education Conference,ACEC,CORE2008,L,Yes,,,
210,Australasian Conference on Combinatorial Mathematics and Combinatorial Computing,ACCMCC,CORE2008,L,Yes,,,
211,Australasian Computing Education Conference (ACE),ACE,CORE2008,B,Yes,,,
212,Australasian Conference on Information Security and Privacy,ACISP,CORE2008,B,Yes,,,
213,Australasian Conference on Information Systems,ACIS,CORE2008,B,Yes,,,
214,Australasian Conference on Parallel and Real-Time Systems,APRTS,CORE2008,L,Yes,,,
216,Australasian Conference on Robotics and Automation,ACRA,CORE2008,B,Yes,,,
219,Australasian Database Conference,ADC,CORE2008,B,Yes,,,
226,Australasian Refinement Workshop,AuRW,CORE2008,L,Yes,,,
229,Australasian Speech Science and Technology,SST,CORE2008,B,Yes,,,
233,Australasian Urban and Regional Information Systems Association Conference,AURISA,CORE2008,L,Yes,,,
234,Australasian User Interface Conference,AUIC,CORE2008,B,Yes,,,
236,Australasian Women in Computing Workshop,WIC,CORE2008,L,Yes,,,
237,Australasian Workshop on Combinatorial Algorithms,AWOCA,CORE2008,L,Yes,,,
240,Asia Pacific Symposium on Intelligent and Evolutionary Systems (was Australia-Japan Joint Workshop on  Intelligent and Evolutionary Systems),IES,CORE2008,L,Yes,,,
244,Australian and New Zealand Intelligent Information Systems Conference,ANZIIS,CORE2008,B,Yes,,,
247,Australian Computer Human Interaction Conference,OZCHI,CORE2008,B,Yes,,,
248,Australian Conference for Knowledge Management and Intelligent Decision Support,ACKMIDS,CORE2008,L,Yes,,,
249,Australian Conference on Artificial Life and Computational Intelligence,ACALCI,CORE2008,B,Yes,,,
251,Australian Conference on Neural Networks,ACNN,CORE2008,L,Yes,,,
252,Australian Conference on Software Metrics,ACOSM,CORE2008,B,Yes,,,
253,Australian Data Mining Conference,AusDM,CORE2008,B,Yes,,,
259,Australian Information Warfare and Security Conference,WarSec,CORE2008,L,Yes,,,
261,Australian Institute of Computer Ethics Conference,AICE,CORE2008,L,Yes,,,
262,Australian Knowledge Acquisition Workshop,AKAW,CORE2008,L,Yes,,,
263,Australian MADYMO Users Meeting,MADYMO,CORE2008,L,Yes,,,
264,Australian MATLAB Conference,MATLAB,CORE2008,L,Yes,,,
266,Australian Software Engineering Conference,ASWEC,CORE2008,B,Yes,,,
267,Australian Supercomputing Conference,ACS,CORE2008,B,Yes,,,
268,Australian Symposium on Information Visualisation,ASIV,CORE2008,L,Yes,,,
269,International Telecommunication Networks and Applications Conference (was Australian Telecommunication Networks and Applications Conference),ITNAC,CORE2008,L,Yes,,,
271,Australian UNIX Users Group National Conference,AUUG,CORE2008,L,Yes,,,
274,"Australian Workshop on Mobile Computing, Databases and Applications",MCDA,CORE2008,L,Yes,,,
275,Australian Workshop on Requirements Engineering,AWRE,CORE2008,B,Yes,,,
276,Australian Workshop on Safety Critical Systems and Software,SCSS,CORE2008,L,Yes,,,
277,Australian Workshop on Software Architecture,AWSA,CORE2008,L,Yes,,,
278,Australian World Wide Web Conference,AusWeb,CORE2008,L,Yes,,,
279,Automated Software Engineering Conference,ASE,CORE2008,A,Yes,,,
282,International Conference on Computing Education Research (Baltic Sea Conference on Computing Education Research prior to 2008),Koli Calling,CORE2008,B,Yes,,,
286,Bled Electronic Commerce Conference,BECC,CORE2008,C,Yes,,,
290,Brazilian Symposium on Databases,SBBD,CORE2008,B,Yes,,,
294,British Computer Society Conference on Human-Computer Interaction,HCI,CORE2008,C,Yes,,,
295,British Computer Society Formal Aspects of Computing Science Specialist Group Workshop,BCS-FMW,CORE2008,L,Yes,,,
296,British Machine Vision Conference,BMVC,CORE2008,A,Yes,,,
297,British National Conference on Databases,BNCOD,CORE2008,B,Yes,,,
300,Canadian Artificial Intelligence Conference,CAAI,CORE2008,B,Yes,,,
301,Canadian Conference on Computational Geometry,CCCG,CORE2008,B,Yes,,,
304,Canadian Discrete and Algorithmic Mathematics Conference,CanaDAM,CORE2008,L,Yes,,,
317,Collaborative Electronic Commerce Technology and Research,CollECTeR,CORE2008,C,No,,,
321,Combinatorial Pattern Matching,CPM,CORE2008,B,No,,,
324,Complexity and information-theoretic approaches to biology,CITB,CORE2008,B,No,,,
328,Computational Techniques and Applications Conference,CTAC,CORE2008,C,No,,,
331,Computer Aided Verification,CAV,CORE2008,A*,Yes,,,
335,Computer Graphics International,CGI,CORE2008,A,No,,,
337,Computer Supported Collaborative Learning,CSCL,CORE2008,A*,Yes,,,
341,Computing in Education Group of Victoria Conference,CEG,CORE2008,L,No,,,
342,Computing: The Australasian Theory Symposium,CATS,CORE2008,B,Yes,,,
346,Conference in Uncertainty in Artificial Intelligence,UAI,CORE2008,A*,Yes,,,
349,Conference of the Association of Asian-Pacific Operational Research Societies,APORS,CORE2008,C,No,,,
351,Conference of the Commission Internationale pour l'Etude et l'Amelioration de l'Enseignement des Mathematiques,CIEAEM,CORE2008,C,No,,,
353,Conference of the International Society for Decision Support Systems,ISDSS,CORE2008,C,No,,,
354,Conference of the Pacific Association for Computational Linguistics,PACLING,CORE2008,B,No,,,
356,Conference on Algorithmic Aspects in Information and Management,AAIM,CORE2008,B,No,,,
358,"International Conference on Probabilistic, Combinatorial, and Asymptotic Methods in the Analysis of Algorithms (was Conference on Analysis of Algorithms)",AofA,CORE2008,B,No,,,
359,Conference on Artificial Intelligence for Applications,CAIA,CORE2008,B,No,,,
360,Conference on Artificial Neural Networks and Expert systems,ANNES,CORE2008,C,No,,,
361,Conference on Combinatorial Optimization and Applications,COCOA,CORE2008,B,No,,,
365,Conference on Fun with Algorithms,FUN,CORE2008,B,No,,,
367,"Conference on Information Science, Technology and Management",CISTM,CORE2008,B,No,,,
369,Conference on Innovative Data Systems Research,CIDR,CORE2008,A,No,,,
370,Conference on Integer Programming and Combinatorial Optimization,IPCO,CORE2008,A,Yes,,,
371,Conference on Computational Natural Language Learning,CoNLL,CORE2008,A,No,,,
373,Conference on Operational Research Practice in Africa,ORPA,CORE2008,C,Yes,,,
381,Conference on Software in Telecommunications and Computer Networks,SOFTCOM,CORE2008,B,No,,,
383,Conference on the Quality of Software Architectures,QoSA,CORE2008,A,Yes,,,
386,Congress of the Italian Assoc for AI,AI*IA,CORE2008,B,Yes,,,
389,Constraint Databases and Applications,CDB,CORE2008,C,No,,,
390,Constraint Programming Day,CPD,CORE2008,C,No,,,
402,Cryptography Policy and Algorithms Conference,CryPAC,CORE2008,C,No,,,
408,Data Compression Conference,DCC,CORE2008,A*,No,,,
409,Data Semantics in Web Information Systems,DASWIS,CORE2008,C,No,,,
410,Data Warehousing and Knowledge Discovery,DaWaK,CORE2008,B,No,,,
412,Database Programming Languages,DBPL,CORE2008,C,No,,,
416,Design and Management of Data Warehouses,DMDW,CORE2008,C,No,,,
418,Design for User Experience,DUX,CORE2008,A,No,,,
421,"Design, Automation and Test in Europe Conference",DATE,CORE2008,A,No,,,
422,Designing Interactive Systems,DIS,CORE2008,A,No,,,
425,Developments in Language Theory,DLT,CORE2008,B,No,,,
426,Digital Arts and Culture,DAC,CORE2008,B,No,,,
427,Digital Games Research Conference,DIGRA,CORE2008,A,No,,,
433,Distributed Communities on the Web Workshop,Dcw,CORE2008,C,No,,,
434,Domain - Specific Languages for Software Engineering,DSLSE,CORE2008,C,No,,,
447,Embedded Sensor Networks Workshop,Emnets,CORE2008,B,No,,,
448,Empirical Methods in Natural Language Processing,EMNLP,CORE2008,A,No,,,
455,ERCIM Annual Workshop on Constraint Solving and Constraint Logic Programming,ERCIM/CSCLP,CORE2008,B,No,,,
456,Ershov Conference,PSI,CORE2008,B,No,,,
457,ETHICOMP Conference,ETHICOMP,CORE2008,C,No,,,
463,Euromicro Conference on Real-Time Systems,ECRTS,CORE2008,A,No,,,
465,"Euromicro International Conference on Parallel, Distributed and Network Based Processing",PDP,CORE2008,C,No,,,
468,European Association of Computational Linguistics,EACL,CORE2008,A,No,,,
473,European Conference on Artificial Intelligence,ECAI,CORE2008,A,No,,,
474,European Conference on Artificial Life,ECAL,CORE2008,B,No,,,
475,European Conference on Computational Biology,ECCB,CORE2008,B,No,,,
476,European Conference on Computational Learning Theory (Now in COLT),EuroCOLT,CORE2008,A,No,,,
478,European Conference on Computer Supported Cooperative Work,ECSCW,CORE2008,A,No,,,
479,European Conference on Computer Vision,ECCV,CORE2008,A,No,,,
480,European Conference on Digital Government (was European Conference on e-Government ECEG),ECDG,CORE2008,B,Yes,,,
481,European Conference on Genetic Programming,EUROGP,CORE2008,B,No,,,
482,European Conference on Information Management and Evaluation,ECIME,CORE2008,B,No,,,
483,European Conference on Information Retrieval,ECIR,CORE2008,B,Yes,,,
484,European Conference on Information Systems,ECIS,CORE2008,A,No,,,
485,European Conference on Knowledge Management,EKM,CORE2008,C,No,,,
486,European Conference on Machine Learning (Joined with PKDD from 2008),ECML,CORE2008,A,No,,,
488,European Conference on Object-Oriented Programming,ECOOP,CORE2008,A,Yes,,,
491,European Conference on Machine Learning and Principles and Practice of Knowledge Discovery in Database (PKDD and ECML combined from 2008),ECML PKDD,CORE2008,A,Yes,,,
494,Interspeech (combined EuroSpeech and ICSLP in 2000),Interspeech,CORE2008,A,No,,,
497,International Conference on Embedded Wireless Systems and Networks (wasEuropean Conference on Wireless Sensor Networks),EWSN,CORE2008,A,Yes,,,
498,European Congress on Intelligent Techniques and Soft Computing,EUFIT,CORE2008,C,No,,,
499,European Graphics Conference,EUROGRAPH,CORE2008,A,No,,,
500,European Institute for Computer Anti-Virus Research EICAR Conference,EICAR,CORE2008,C,No,,,
505,European MPI Users' Group Conference,EuroMPI,CORE2008,A,No,,,
506,European Signal Processing Conference,EUSIPCO,CORE2008,B,No,,,
507,International Conference on Modelling and Simulation (was ESM European Simulation MultiConference),ECMS,CORE2008,B,No,,,
508,European Simulation Symposium,ESS,CORE2008,B,No,,,
510,European SPI,EuroSPI,CORE2008,A,Yes,,,
511,European Symposium on Algorithms,ESA,CORE2008,A,No,,,
514,European Symposium on Programming,ESOP,CORE2008,A,No,,,
515,European Symposium On Research In Computer Security,ESORICS,CORE2008,A,No,,,
518,European Workshop on Advanced Mobile Robots,EuroBot,CORE2008,C,No,,,
523,"European, Mediterranean and Middle Eastern Conference on Information Systems",EMCIS,CORE2008,C,No,,,
525,Eurosys Conference,EuroSys,CORE2008,A,No,,,
527,Exploring Modelling Methods in Systems Analysis and Design,EMMSAD,CORE2008,A,No,,,
528,Extending Database Technology,EDBT,CORE2008,A,No,,,
530,Far East Workshop on Future DB Systems,FEWFDB,CORE2008,B,Yes,,,
535,FIRA Robot World Congress,FIRA,CORE2008,C,No,,,
537,Flexible Query-Answering Systems,FQAS,CORE2008,C,No,,,
538,Florida Artificial Intelligence Research Society Conference,FlAIRS,CORE2008,L,Yes,,,
540,International Symposium on Formal Methods (was Formal Methods Europe FME),FM,CORE2008,A,No,,,
541,Formal Methods in Software Engineering and Defence Systems Workshop,FMSEDS,CORE2008,C,No,,,
542,Formal Methods Pacific,FMP,CORE2008,C,No,,,
543,Formal Power Series and Algebraic Combinatorics,FPSAC,CORE2008,A,No,,,
546,Foundations of Genetic Algorithms,FOGA,CORE2008,A*,No,,,
547,Foundations of Software Science and Computational Structures,FOSSACS,CORE2008,B,Yes,,,
548,Foundations of Software Technology and Theoretical Computer Science,FST&TCS,CORE2008,A,Yes,,,
550,French Conference on Knowledge Acquisition and Machine Learning,FCKAML,CORE2008,B,Yes,,,
554,Fundamental Approaches to Software Engineering,FASE,CORE2008,B,Yes,,,
556,Genetic and Evolutionary Computations,GECCO,CORE2008,B,No,,,
560,Geometry Modeling and Processing,GMP,CORE2008,B,No,,,
563,German Conference on Artificial Intelligence,KI,CORE2008,B,Yes,,,
564,German Conference on Multi-Agent system Technologies,MATES,CORE2008,B,Yes,,,
567,Global Chinese Conference on Computers in Education,GCCCE,CORE2008,L,No,,,
572,Graph Drawing,GD,CORE2008,A,No,,,
574,Haskell Workshop,HASKELL,CORE2008,C,No,,,
575,Hawaii International Conference on System Sciences,HICSS,CORE2008,B,No,,,
576,Health Informatics Conference,HIC,CORE2008,C,Yes,,,
596,IEEE Bioinformatics and Bioengineering,BIBE,CORE2008,C,No,,,
597,IEEE Computational Systems Bioinformatics Conference,CSB,CORE2008,A,No,,,
598,IEEE Computer Communications Workshop,CCW,CORE2008,B,No,,,
604,IEEE Conference on Computer Vision and Pattern Recognition,CVPR,CORE2008,A,Yes,,,
605,IEEE Conference on Decision and Control,CDC,CORE2008,A,No,,,
607,IEEE Conference on Local Computer Networks,LCN,CORE2008,A,No,,,
610,"IEEE International Conference on Sensing, Communication and Networking",SECON,CORE2008,B,No,,,
611,"IEEE Conference on Systems, Man and Cybernetics",SMC,CORE2008,B,No,,,
623,IEEE Information Visualization Conference,IEEE InfoVis,CORE2008,A*,No,,,
625,IEEE International Conference and Workshop on the Engineering of Computer Based Systems,ECBS,CORE2008,B,No,,,
628,IEEE International Conference on Advanced Learning Technologies,ICALT,CORE2008,A,No,,,
632,IEEE International Conference on Cluster Computing,CLUSTER,CORE2008,A,No,,,
634,IEEE International Conference on Communications,ICC,CORE2008,A,No,,,
638,IEEE International Conference on Computer Vision,ICCV,CORE2008,A*,Yes,,,
639,IEEE International Conference on Control Applications,CCA,CORE2008,B,No,,,
640,IEEE International Conference on COTS-Based Software Systems,ICCBSS,CORE2008,B,No,,,
642,IEEE International Conference on Data Mining,ICDM,CORE2008,A*,No,,,
644,IEEE International Conference on Distributed Computing in Sensor Systems,DCOSS,CORE2008,B,No,,,
645,IEEE International Conference on e-Business Engineering,ICEBE,CORE2008,B,No,,,
646,IEEE International Conference on Engineering of Complex Computer Systems,ICECCS,CORE2008,A,No,,,
647,"IEEE International Conference on Enterprise Computing, E-Commerce and E-Services",EEE,CORE2008,B,No,,,
648,IEEE International Conference on e-Science and Grid Computing,e-Science,CORE2008,A,No,,,
649,IEEE International Conference on Fuzzy Systems,FUZZ-IEEE,CORE2008,A,No,,,
654,IEEE International Conference on Image Processing,ICIP,CORE2008,A,No,,,
663,IEEE International Conference on Mobile Ad-hoc and Sensor Systems,MASS,CORE2008,A,No,,,
664,IEEE International Conference on Multimedia and Expo,ICME,CORE2008,B,No,,,
665,IEEE International Conference on Networks,ICON,CORE2008,B,No,,,
666,IEEE International Conference on Neural Networks,ICNN,CORE2008,A,No,,,
667,IEEE International Conference on Parallel Processing Workshops,WoPP,CORE2008,C,No,,,
668,IEEE International Conference on Peer to Peer Computing,P2P,CORE2008,A,No,,,
669,IEEE International Conference on Pervasive Computing and Communications,PERCOM,CORE2008,A*,No,,,
670,IEEE International Conference on Radio Frequency Identification,IEEE RFID,CORE2008,B,No,,,
674,IEEE International Conference on Services Computing,SCC,CORE2008,A,No,,,
676,"IEEE International Conference on Software Maintenance and Evolution (prior to 2014 was ICSM, IEEE International Conference on Software Maintenance)",ICSME,CORE2008,A,Yes,,,
678,IEEE International Conference on Web Services,ICWS,CORE2008,B,No,,,
683,IEEE International Geoscience and Remote Sensing Symposium,IGARSS,CORE2008,C,No,,,
685,IEEE International Joint Conference on Neural Networks,IJCNN,CORE2008,A,No,,,
688,IEEE International Parallel and Distributed Processing Symposium (was IPPS and SPDP),IPDPS,CORE2008,A,Yes,,,
689,IEEE International Performance Computing and Communications Conference,IPCCC,CORE2008,B,No,,,
690,IEEE International Requirements Engineering Conference,RE,CORE2008,A,No,,,
691,"IEEE International Symposium on a World of Wireless, Mobile and Multimedia Networks",WoWMoM,CORE2008,A,Yes,,,
695,"IEEE International Symposium on Cluster, Cloud and Grid Computing",CCGRID,CORE2008,A,No,,,
698,IEEE International Symposium on High Assurance Systems Engineering,HASE,CORE2008,B,No,,,
700,IEEE International Symposium on Intelligent Control,ISIC,CORE2008,B,No,,,
702,IEEE International Symposium on Network Computing and Applications,NCA,CORE2008,C,No,,,
703,IEEE International Symposium on Real-Time Distributed Computing,ISORC,CORE2008,C,No,,,
706,IEEE International Symposium on Personal and Indoor Mobile Radio Conference,PIMRC,CORE2008,B,No,,,
708,IEEE International Symposium on Wearable Computers,ISWC,CORE2008,A*,No,,,
710,IEEE International Test Conference,ITC,CORE2008,B,No,,,
715,IEEE International Workshop on Neural Networks for Signal Processing,NNSP,CORE2008,C,No,,,
716,IEEE International Workshop on Object-Oriented Real-Time Dependable Systems,WORDS,CORE2008,B,No,,,
717,IEEE International Workshop on Quality of Service,IWQoS,CORE2008,A*,No,,,
723,IEEE Network Operations and Management Symposium,NOMS,CORE2008,B,No,,,
725,IEEE Real-Time and Embedded Technology and Applications Symposium,RTAS,CORE2008,A,No,,,
744,IEEE Symposium on Computers and Communications,ISCC,CORE2008,B,No,,,
745,IEEE Symposium on Foundations of Computer Science,FOCS,CORE2008,A*,No,,,
748,IEEE Symposium on Logic in Computer Science,LICS,CORE2008,A*,No,,,
750,IEEE Symposium on Security and Privacy,SP,CORE2008,A,Yes,,,
752,IEEE Symposium on Visual Languages and Human-Centric Computing (was VL),VL/HCC,CORE2008,A,Yes,,,
756,IEEE Tencon (IEEE Region 10 Conference),Tencon,CORE2008,C,No,,,
757,IEEE Vehicular Technology Conference,VTC,CORE2008,B,No,,,
760,IEEE Wireless Communications and Networking Conference,WCNC,CORE2008,B,No,,,
761,IEEE Working Conference on Reverse Engineering,WCRE,CORE2008,B,No,,,
763,Winter Conference on Applications of Computer Vision,WACV,CORE2008,A,No,,,
771,IEEE Workshop on High Performance Switching and Routing,HPSR,CORE2008,B,No,,,
778,IEEE Workshop on Speech Coding,SCW,CORE2008,C,No,,,
783,IEEE/ACM International Conference on Computer-Aided Design,ICCAD,CORE2008,A,No,,,
784,IEEE/ACM International Conference on Grid Computing,GRID,CORE2008,A,No,,,
785,IEEE/ACM International Symposium on Mixed and Augmented Reality,ISMAR,CORE2008,A*,No,,,
787,IEEE/IFIP International Conference on Dependable Systems and Networks,DSN,CORE2008,A*,Yes,,,
789,IEEE/IFIP International Conference on Information Technology for Balanced Automation Systems,BASYS,CORE2008,B,No,,,
791,International Conference on Software Architecture (was previously WICSA),ICSA,CORE2008,A,Yes,,,
792,IEEE/RSJ International Conference on Intelligent Robots and Systems,IROS,CORE2008,B,No,,,
796,IFAC Conference on System Structure and Control,SSSC,CORE2008,C,No,,,
797,"IFAC Symposium on Fault Detection, Supervision and Safety of Technical Processes",SAFEProcess,CORE2008,B,No,,,
800,IFIP International Conference on Broadband Communications,BC,CORE2008,C,No,,,
801,IFIP International Conference on Distributed Applications and Interoperable Systems,DAIS,CORE2008,B,No,,,
802,IFIP International Conference on Open Distributed Processing,ODP,CORE2008,B,No,,,
805,"IFIP Joint International Conference on Formal Description Techniques and Protocol Specification, Testing, And Verification",FORTE,CORE2008,A,Yes,,,
806,IFIP International Conference on Networking,Networking,CORE2008,A,No,,,
807,IFIP TC13 Conference on Human-Computer Interaction,Interact,CORE2008,A,Yes,,,
808,IFIP Working Conference on Visual Database Systems,VDbS,CORE2008,C,Yes,,,
809,IFIP Working Conferences on Virtual Enterprises,PRO-VE,CORE2008,A,No,,,
811,IFIP/ACM Working Conference on Component Deployment,CD,CORE2008,B,No,,,
812,IFIP/IEEE International Symposium on Integrated Management (odd years sharing with NOMS),IM,CORE2008,A,No,,,
813,International Conference on Network and Service Management (amalgamation of DSOM and related workshops from 2010),CNSM,CORE2008,B,No,,,
814,IFSA World Congress,IFSA,CORE2008,B,No,,,
817,Image and Vision Computing Conference,IVCNZ,CORE2008,A,No,,,
819,Inductive Logic Programming,ILP,CORE2008,B,No,,,
822,Information Integration and Web-based Applications and Services,IIWAS,CORE2008,C,No,,,
823,Information Processing in Sensor Networks,IPSN,CORE2008,A*,Yes,,,
827,Information Security Conference,ISC,CORE2008,C,Yes,,,
828,Information Systems Education Conference,ISECON,CORE2008,C,No,,,
829,Information Systems Research Seminar in Scandinavia,IRIS,CORE2008,B,Yes,,,
830,Information Theory Workshop,ITW,CORE2008,C,No,,,
834,Informing Science and Information Technology Education,InSITE,CORE2008,B,No,,,
836,Innovative Applications in AI,IAAI,CORE2008,B,No,,,
837,International Conference on Innovations for Community Services (was Innovative Internet Computer Systems IICS until 2014),I4CS,CORE2008,C,No,,,
839,Int. Workshop on Formal Methods for Industrial Critical Systems,FMICS,CORE2008,C,No,,,
840,Int. Workshop on Multi-Media Data Base Management Systems,IW-MMDBMS,CORE2008,C,No,,,
841,Integrated Data Environments Australia Workshop,IDEAW,CORE2008,L,Yes,,,
842,Integrated Formal Methods,IFM,CORE2008,B,No,,,
843,Integration of Software Engineering and Agent Technology,ISEAT,CORE2008,B,No,,,
845,Intelligent Data Analysis,IDA,CORE2008,A,No,,,
847,Intelligent Systems in Molecular Biology,ISMB,CORE2008,A,No,,,
852,Interactive Entertainment,IE,CORE2008,B,No,,,
861,International Baltic Conference on Databases and Information Systems,DB&IS,CORE2008,B,No,,,
862,International Business Information Management,IBIMA,CORE2008,C,No,,,
864,International Colloquium on Automata Languages and Programming,ICALP,CORE2008,A,No,,,
866,International Colloquium on Structural Information and Communication Complexity,SIROCCO,CORE2008,B,No,,,
867,International Colloquium on Theoretical Aspects of Computing,ICTAC,CORE2008,B,No,,,
869,International Computer Science Conference,ICSC,CORE2008,B,No,,,
870,International Computer Science Symposium in Russia,CSR,CORE2008,L,No,,,
871,International Computer Software and Applications Conference,COMPSAC,CORE2008,B,No,,,
872,International Computing Education Research Workshop,ICER,CORE2008,A,No,,,
877,"International Conference Imaging Science, Systems and Technology",CISST,CORE2008,C,No,,,
878,International Conference in Business Process Management,BPM,CORE2008,A,No,,,
882,"International Conference Abstract State Machines, Alloy, B, TLA, VDM, and Z (Previously International Conference of B and Z Users, ZB, changed in 2008)",ABZ,CORE2008,C,No,,,
886,International Conference on AD-HOC Networks and Wireless,ADHOC-NOW,CORE2008,B,Yes,,,
887,International Conference on Advanced Computing and Communications,AdCom,CORE2008,C,No,,,
890,International Conference on Advanced Information Networking and Applications (was ICOIN),AINA,CORE2008,B,No,,,
891,International Conference on Advanced Information Systems Engineering,CaiSE,CORE2008,A,No,,,
896,"International Conference on Advances in Infrastructure for Electronic Business, Science, and Education on the Internet",SSGRR,CORE2008,C,No,,,
900,International Conference on Advances in Pattern Recognition and Digital Techniques,ICAPRDT,CORE2008,C,No,,,
904,International Conference on Algebraic and Logic Programming,ALP,CORE2008,B,No,,,
905,International Conference on Algorithms and Architectures for Parallel Processing,ICA3PP,CORE2008,B,No,,,
906,International Conference on Algorithms and Complexity (was Italian Conference ),CIAC,CORE2008,B,No,,,
908,"International Conference on Application-specific Systems, Architectures and Processors",ASAP,CORE2008,A,No,,,
909,International Conference on Artificial Intelligence,IC-AI,CORE2008,C,No,,,
910,International Conference on Artificial Intelligence and Law,ICAIL,CORE2008,B,No,,,
914,International Conference on Artificial Intelligence in Science and Technology,AISAT,CORE2008,C,No,,,
915,International Conference on Artificial Neural Networks,ICANN,CORE2008,B,No,,,
918,International Conference on Automated Deduction,CADE,CORE2008,A,No,,,
919,International Conference on Automated Planning and Scheduling,ICAPS,CORE2008,A*,Yes,,,
922,"International Joint Conference on Autonomous Agents and Multiagent Systems (previously the International Conference on Multiagent Systems, ICMAS, changed in 2000)",AAMAS,CORE2008,A*,Yes,,,
923,"International Conference on Availability, Reliability and Security",ARES,CORE2008,B,No,,,
925,"International Conference on Broadband Communications, Networks and Systems",Broadnets,CORE2008,B,No,,,
927,"International Conference on CAD/CAM, Robotics and Factories of the Future",RFF,CORE2008,C,No,,,
929,International Conference on Chinese Computing,ICCC,CORE2008,L,No,,,
934,International Conference on Communication System Software and Middleware,COMSWARE,CORE2008,C,No,,,
936,International Conference on Compiler Construction,CC,CORE2008,A,No,,,
937,"International Conference on Compilers, Architecture, and Synthesis for Embedded Systems",CASES,CORE2008,A,No,,,
938,International Conference on Complex Systems,CxS,CORE2008,C,No,,,
944,International Conference on Computational Intelligence and Multimedia,ICCIMA,CORE2008,C,No,,,
947,"International Conference on Computational Intelligence for Modelling, Control and Automation",CIMCA,CORE2008,C,No,,,
949,International Conference on Computational Linguistics,COLING,CORE2008,A,No,,,
950,International Conference on Computational Molecular Biology,RECOMB,CORE2008,A,No,,,
952,International Conference on Computational Science,ICCS,CORE2008,A,Yes,,,
955,International Conference on Computer Analysis of Images and Patterns,CAIP,CORE2008,A,Yes,,,
961,"International Conference on Computer Safety, Reliability and Security",SAFECOMP,CORE2008,B,No,,,
965,International Conference on Computers and their Applications,CATA,CORE2008,C,No,,,
967,International Conference on Computers in Education,ICCE,CORE2008,B,No,,,
969,International Conference on Computing and Combinatorics,COCOON,CORE2008,A,No,,,
971,International Conference on Conceptual Modelling,ER,CORE2008,B,No,,,
972,International Conference on Conceptual Structures,ICCS,CORE2008,A,No,,,
973,International Conference on Concurrency Theory,CONCUR,CORE2008,A,No,,,
977,"International Conference on Control, Automation, Robotics and Vision",ICARCV,CORE2008,A,No,,,
979,International Conference on Cooperative Information Systems,CoopIS,CORE2008,A,No,,,
980,International Conference on Coordination Models and Languages,Coordination,CORE2008,A,Yes,,,
983,International Conference on Cryptology in India,INDOCRYPT,CORE2008,L,No,,,
986,International Conference on Data Engineering,ICDE,CORE2008,A*,No,,,
987,International Conference on Database and Expert Systems Applications,DEXA,CORE2008,A,Yes,,,
988,International Conference on Database Systems for Advanced Applications,DASFAA,CORE2008,C,Yes,,,
989,International Conference on Database Theory,ICDT,CORE2008,A,No,,,
999,International Conference on Discrete Mathematics and Theoretical Computer Science,DMTCS,CORE2008,B,No,,,
1001,International Conference on Distributed Computing and Networking,ICDCN,CORE2008,B,No,,,
1002,International Conference on Distributed Computing Systems,ICDCS,CORE2008,A,No,,,
1005,International Conference on e-Business,ICEB,CORE2008,C,No,,,
1006,International Conference on Electronic Commerce,ICEC,CORE2008,C,No,,,
1007,International Conference on Electronic Commerce and Web Technology,ECWeb,CORE2008,A,No,,,
1009,International Conference on Email and Anti-Spam,CEAS,CORE2008,B,No,,,
1014,International Conference on Engineering Education,ICEE,CORE2008,C,No,,,
1016,International Conference on Enterprise Information Systems,ICEIS,CORE2008,B,No,,,
1018,International Conference on Enterprise Integration and Modelling Technology,ICEIMT,CORE2008,B,No,,,
1022,International Conference on Evaluation and Assessment in Software Engineering,EASE,CORE2008,A,Yes,,,
1025,International Conference on Experimental Implementation of Quantum Computation,QuantCom,CORE2008,C,No,,,
1028,International Conference on Field and Service Robotics,FSR,CORE2008,A,No,,,
1031,International Conference on Formal Engineering Methods,ICFEM,CORE2008,B,No,,,
1032,International Conference on Formal Methods for Open Object-Based Distributed Systems,FMOOD,CORE2008,C,No,,,
1034,International Conference on Foundation on Data Organization,FODO,CORE2008,A,No,,,
1037,International Conference on Functional Programming,ICFP,CORE2008,A*,Yes,,,
1039,International Conference on Generative Programming and Component Engineering,GPCE,CORE2008,B,No,,,
1040,International Conference on Genetic Algorithms,ICGA,CORE2008,B,No,,,
1041,International Conference on GeoComputation,GeoComp,CORE2008,C,No,,,
1042,International Conference on Graph Transformations,ICGT,CORE2008,B,No,,,
1048,International Conference on High Performance Computing,HiPC,CORE2008,A,Yes,,,
1053,International Conference on Human Factors in Computing Systems,CHI,CORE2008,A*,No,,,
1054,International Conference on Human-Computer Interaction with Mobile Devices and Services,MobileHCI,CORE2008,A,No,,,
1058,International Conference on Image Analysis and Processing,ICIAP,CORE2008,A,No,,,
1062,International Conference on Implementation and Application of Automata,CIAA,CORE2008,B,No,,,
1072,International Conference on Information Fusion,FUSION,CORE2008,C,No,,,
1073,International Conference on Information Processing and Management of Uncertainty,IPMU,CORE2008,C,Yes,,,
1076,International Conference on Information Security and Cryptography,SECRYPT,CORE2008,C,No,,,
1078,International Conference on Information Systems,ICIS,CORE2008,A*,Yes,,,
1080,International Conference on Information Systems Development,ISD,CORE2008,A,No,,,
1082,International Conference on Information Systems Technology and its Application,ISTA,CORE2008,A,No,,,
1083,International Conference on Information Technology and Applications,ICITA,CORE2008,C,No,,,
1090,"International Conference on the Integration of Constraint Programming, Artificial Intelligence, and Operations Research",CPAIOR,CORE2008,A,No,,,
1091,"International Conference on Intelligent Agents, Web Technologies, and Internet Commerce",IAWTIC,CORE2008,C,No,,,
1093,International Conference on Intelligent Data Engineering and Automated Learning,IDEAL,CORE2008,C,No,,,
1096,International Conference on Intelligent Systems,ICIL,CORE2008,C,No,,,
1099,International Conference on Intelligent Text Processing and Computational Linguistics,CICLING,CORE2008,B,No,,,
1100,International Conference on Intelligent Tutoring Systems,ITS,CORE2008,A,No,,,
1101,International Conference on Intelligent User Interfaces,IUI,CORE2008,A,Yes,,,
1105,International Conference on Internet Computing,IC,CORE2008,C,No,,,
1110,International Conference on Knowledge Engineering and Knowledge Management,EKAW,CORE2008,A,Yes,,,
1113,International Conference on Knowledge-Based and Intelligent Information and Engineering Systems,KES,CORE2008,B,No,,,
1117,International Conference on Legal Knowledge and Information Systems,JURIX,CORE2008,C,No,,,
1119,International Conference on Logic Programming,ICLP,CORE2008,A,No,,,
1120,International Conference on Logic Programming and Non-monotonic Reasoning,LPNMR,CORE2008,A,No,,,
1121,International Conference on Machine Learning,ICML,CORE2008,A*,No,,,
1125,International Conference on Management of Data,COMAD,CORE2008,B,Yes,,,
1127,International Conference on Massively Parallel Computing Systems,MPCS,CORE2008,B,No,,,
1131,International Conference on Mobile and Ubiquitous Systems: Networks and Services,Mobiquitous,CORE2008,A,No,,,
1133,International Conference on Mobile Data Management,MDM,CORE2008,B,No,,,
1141,"IASTED International Conference on Modelling, Simulation and Optimisation",ICMSO,CORE2008,C,Yes,,,
1143,International Conference on Multimedia Modelling,MMM,CORE2008,B,No,,,
1147,International Conference on Network Protocols,ICNP,CORE2008,A,No,,,
1152,International Conference on Neural Information Processing,ICONIP,CORE2008,A,No,,,
1153,"International Conference on Neural, Parallel and Scientific Computations",NPSC,CORE2008,C,No,,,
1160,International Conference on Optimization: Techniques And Applications,ICOTA,CORE2008,C,No,,,
1162,"International Conference on Parallel and Distributed Computing, Applications and Technologies",PDCAT,CORE2008,B,Yes,,,
1163,International Conference on Parallel and Distributed Processing Techniques and Applications,PDPTA,CORE2008,C,No,,,
1164,International Conference on Parallel and Distributed Systems,ICPADS,CORE2008,B,No,,,
1165,International Conference on Parallel Architecture and Compilation Techniques,PACT,CORE2008,A,No,,,
1167,International Conference on Parallel Processing,ICPP,CORE2008,A,Yes,,,
1169,International Conference on Pattern Recognition,ICPR,CORE2008,A,No,,,
1171,International Conference on Pervasive Computing (Joined with UbiComp from 2013),PERVASIVE,CORE2008,A*,No,,,
1175,International Conference on Principles and Practice of Constraint Programming,CP,CORE2008,A,No,,,
1176,International Conference on Principles and Practice of Declarative Programming,PPDP,CORE2008,B,Yes,,,
1177,International Conference on Principles of Distributed Systems,OPODIS,CORE2008,B,No,,,
1179,"International Conference on Probability, Statistics and Operational Research",PSOR,CORE2008,C,No,,,
1183,International Conference on Qualitative Research in IT & IT in Qualitative Research,QualIT,CORE2008,B,No,,,
1184,"International Conference on Heterogeneous Networking for Quality, Reliability, Security and Robustness (was International Conference on Quality of Service in Heterogeneous Wired/Wireless Networks)",Qshine,CORE2008,B,No,,,
1185,"Software Quality, Reliability, and Security (was International Conference on Quality Software, QSIC, that merged with SERE 2015)",QRS,CORE2008,A,No,,,
1186,International Conference on Embedded and Real Time Computing Systems and Applications,RTCSA,CORE2008,B,No,,,
1191,International Conference on Reliable Software Technologies,Ada-Europe,CORE2008,A,Yes,,,
1194,"International Conference on Robotics, Vision, Signal Processing and Power Applications (was ROVPIA)",RoVISP,CORE2008,C,No,,,
1197,International Conference on Scientific and Statistical Data Base Management,SSDBM,CORE2008,A,No,,,
1199,International Conference on Security in Pervasive Computing,ICSPC,CORE2008,A,No,,,
1203,International Conference on Sequences and their Applications,SETA,CORE2008,B,No,,,
1204,International Conference on Service Oriented Computing,ICSOC,CORE2008,A,No,,,
1208,International Conference on Software Development,SWDC,CORE2008,B,No,,,
1209,International Conference on Software Engineering,ICSE,CORE2008,A*,Yes,,,
1210,International Conference on Software Engineering Advances,ICSEA,CORE2008,B,No,,,
1211,International Conference on Software Engineering and Formal Methods,SEFM,CORE2008,B,No,,,
1212,International Conference on Software Engineering and Knowledge Engineering,SEKE,CORE2008,B,No,,,
1216,"International Conference on Intelligent Software Methodologies, Tools, and Techniques (was International Conference on Software Methods and Tools)",SoMeT,CORE2008,B,No,,,
1217,International Conference on Software and System Processes (was ICSP prior to 2011),ICSSP,CORE2008,A,No,,,
1219,International Conference on Software Quality Management,SQM,CORE2008,C,No,,,
1220,International Conference on Software Reuse,ICSR,CORE2008,A,Yes,,,
1230,"International Conference on Systems Research, Informatics and Cybernetics",ICSRIC,CORE2008,C,No,,,
1231,International Conference on Systems Thinking in Management,STM,CORE2008,C,No,,,
1235,International Conference on Temporal Logic,ICTL,CORE2008,A,No,,,
1237,International Conference on the Application and Theory of Petri Nets and Concurrency,ICATPN,CORE2008,B,No,,,
1239,International Conference on the Principles of Knowledge Representation and Reasoning,KR,CORE2008,A*,No,,,
1240,International Conference on the Simulation and Synthesis of Living Systems,ALIFE,CORE2008,A,No,,,
1242,International Conference on the Theory and Application of Cryptographic Techniques,EuroCrypt,CORE2008,A*,No,,,
1243,International Conference on the Theory and Application of Cryptology and Information Security,ASIACRYPT,CORE2008,A,Yes,,,
1244,"International Conference on Model Driven Engineering Languages and Systems (Previously UML, changed in 2005)",MODELS,CORE2008,A,Yes,,,
1246,International Conference on Theorem Proving with Analytic Tableaux and Related Methods,TABLEAUX,CORE2008,A,No,,,
1250,International Conference on Theory and Applications of Satisfiability Testing,SAT,CORE2008,A,No,,,
1251,International Conference on Tools with Artificial Intelligence,ICTAI,CORE2008,B,No,,,
1261,International Conference on Very Large Databases,VLDB,CORE2008,A*,No,,,
1262,International Conference on Virtual Execution Environments,VEE,CORE2008,B,No,,,
1263,International Conference on Virtual Storytelling (merged into ICIDS in 2008),ICVS,CORE2008,C,No,,,
1264,International Conference on Virtual Systems and MultiMedia,VSMM,CORE2008,C,No,,,
1266,International Conference on Visual Information Systems,VISUAL,CORE2008,C,No,,,
1267,International Conference on VLSI Design,VLSID,CORE2008,C,No,,,
1270,International Conference on Web Information Systems and Technologies,WEBIST,CORE2008,C,Yes,,,
1271,International Conference on Web Information Systems Engineering,WISE,CORE2008,A,Yes,,,
1272,International Conference on Web-Age Information Management,WAIM,CORE2008,C,No,,,
1277,International Conference on Worldwide Computing and Its Applications,WWCA,CORE2008,C,No,,,
1278,International Conference Software and Systems Engineering and their Applications,ICSSEA,CORE2008,C,No,,,
1279,International Conference on Practice and Theory in Public Key Cryptography,PKC,CORE2008,B,Yes,,,
1291,International Congress on Modelling and Simulation,MODSIM,CORE2008,C,No,,,
1296,International CSI Computer Conference,CSICC,CORE2008,C,No,,,
1297,International Database Engineering and Applications Symposium,IDEAS,CORE2008,B,No,,,
1301,International French Speaking Conference on Logic and Constraint Programming,JFPLC,CORE2008,C,No,,,
1308,International ICSC Congress on Intelligent Systems and Applications,IICISA,CORE2008,C,No,,,
1311,International Conference on Information Technology in Regional Areas,ITiRA,CORE2008,C,No,,,
1313,International Joint Conference on Artificial Intelligence,IJCAI,CORE2008,A*,No,,,
1314,International Joint Conference on Automated Reasoning,IJCAR,CORE2008,A*,No,,,
1317,International Joint Conference on Natural Language Processing,IJCNLP,CORE2008,A,No,,,
1318,International Joint Conference on Qualitative and Quantitative Practical Reasoning,ESQARU,CORE2008,A,No,,,
1324,DNA Computing and Molecular Programming,DNA,CORE2008,B,No,,,
1330,International Parallel Computing Workshop,PCW,CORE2008,C,No,,,
1331,International Picture Coding Symposium,PCS,CORE2008,C,No,,,
1335,International Python Conference,IPythC,CORE2008,C,No,,,
1338,International Semantic Web Conference,ISWC,CORE2008,A,Yes,,,
1341,International Symposium Component-Based Software Engineering,CBSE,CORE2008,A,Yes,,,
1345,International Symposium on Advanced DB Technologies and Integration,ADTI,CORE2008,B,No,,,
1349,International Symposium on Algorithms and Computation,ISAAC,CORE2008,A,Yes,,,
1351,"International Symposium on Applied Algebra, Algebraic Algorithms and Error-Correcting Codes",AAAAECC,CORE2008,B,No,,,
1356,"International Symposium on Audio, Video, Image Processing and Intelligent Applications",ISAVIIA,CORE2008,C,No,,,
1357,International Symposium on Automated Technology for Verification and Analysis,ATVA,CORE2008,A,No,,,
1358,International Symposium on Automation and Robotics in Construction,ISARC,CORE2008,C,No,,,
1361,International Symposium on Circuits and Systems,CIRSYS,CORE2008,C,No,,,
1362,International Symposium on Code Generation and Optimization,CGO,CORE2008,A,No,,,
1368,International Symposium on Computational Life Science,CompLife,CORE2008,B,No,,,
1369,International Symposium on Computer and Information Sciences,ISCIS,CORE2008,B,No,,,
1371,International Symposium on Computer Design,COMPDES,CORE2008,C,No,,,
1372,International Symposium on Cooperative Database Systems for Advanced Applications,CODAS,CORE2008,C,No,,,
1374,International Symposium on Distributed Computing (was WDAG),DISC,CORE2008,A,No,,,
1375,International Symposium on Empirical Software Engineering,ISESE,CORE2008,A,No,,,
1376,International Symposium on Empirical Software Engineering and Measurement,ESEM,CORE2008,A,Yes,,,
1382,International Symposium on Functional and Logic Programming,FLOPS,CORE2008,A,No,,,
1383,International Symposium on Fundamentals of Computation Theory,FCT,CORE2008,B,No,,,
1384,International Symposium on Future Software Technology,ISFST,CORE2008,C,No,,,
1386,International Symposium on High Performance Computer Architecture,HPCA,CORE2008,A*,No,,,
1390,International Symposium on Information Theory and Its Applications,ISITA,CORE2008,C,No,,,
1393,"International Symposium on Intelligent Multimedia, Video and Speech Processing",ISIMP,CORE2008,C,No,,,
1395,International Symposium on Latin American Theoretical Informatics,LATIN,CORE2008,B,No,,,
1397,International Symposium on Logic-based Program Synthesis and Transformation,LOPSTR,CORE2008,B,No,,,
1398,International Symposium on Mathematical Foundations of Computer Science,MFCS,CORE2008,B,Yes,,,
1400,International Symposium on Memory Management,ISMM,CORE2008,B,No,,,
1401,"International Symposium on Modelling and Optimization in Mobile, Ad Hoc, and Wireless Networks",WiOpt,CORE2008,B,No,,,
1403,International Symposium on Next Generation Data Base Systems and Applications,NGDB,CORE2008,B,No,,,
1406,"International Symposium on Parallel Architectures, Algorithms and Networks",I-SPAN,CORE2008,C,No,,,
1408,"The International Symposium on Research in Attacks, Intrusions and Defenses (was International Symposium on Recent Advances in Intrusion Detection)",RAID,CORE2008,A,Yes,,,
1409,International Symposium on Robotics,ISR,CORE2008,A,No,,,
1410,International Symposium on Robotics Research,ISRR,CORE2008,A,No,,,
1411,International Symposium on Software Reliability Engineering,ISSRE,CORE2008,A,Yes,,,
1412,International Symposium on Software Testing and Analysis,ISSTA,CORE2008,A,Yes,,,
1414,International Symposium on Spatial Data Infrastructures,ISSDI,CORE2008,C,No,,,
1415,International Symposium on Spatial Data Quality,ISSDQ,CORE2008,C,No,,,
1416,International Symposium on Spatial and Temporal Databases,SSTD,CORE2008,A,Yes,,,
1418,International Symposium on String Processing and Information Retrieval,SPIRE,CORE2008,B,Yes,,,
1420,International Symposium on Symbolic and Algebraic Computation,ISSAC,CORE2008,A*,No,,,
1422,"International Conference on Hardware/Software Codesign and System Synthesis (previously ISSN, changed in 2003)",CODES+ISSS,CORE2008,C,No,,,
1424,International Symposium on Temporal Representation and Reasoning,TIME,CORE2008,A,Yes,,,
1425,International Symposium on the Mathematical Theory of Networks and Systems,MTNS,CORE2008,C,No,,,
1426,International Symposium on Theoretical Aspects of Computer Science,STACS,CORE2008,A,Yes,,,
1437,International Web Conference,IWC,CORE2008,C,No,,,
1440,International Work-Conference on Artificial and Natural Neural Networks,IWANN,CORE2008,B,No,,,
1448,International Workshop on Algorithms and Computation,WALCOM,CORE2008,C,No,,,
1450,International Workshop on Ant Colony,ANTS,CORE2008,B,No,,,
1451,International Workshop on Approximation Algorithms for Combinatorial Optimization Problems,APPROX,CORE2008,A,Yes,,,
1462,International Workshop on Computer-Aided Software Eng,IWCASE,CORE2008,B,No,,,
1464,International Workshop on Data Warehousing and OLAP,DOLAP,CORE2008,C,No,,,
1467,International Workshop on Distributed Object Management,IWDOM,CORE2008,C,No,,,
1472,"IEEE international conference on ehealth networking applications and
 services (was International Workshop on Enterprise Networking and Computing in Health Care Industry; changed 2006)",HealthCom,CORE2008,C,Yes,,,
1473,International Workshop on Entertainment Computing,WEC,CORE2008,C,No,,,
1480,International Workshop on Foundations of Object-Oriented Languages,FOOL,CORE2008,C,No,,,
1481,International Workshop on Functional and (Constraint) Logic Programming,WFLP,CORE2008,C,No,,,
1484,International Workshop on Graph-Theoretic Concepts in Computer Science,WG,CORE2008,B,Yes,,,
1486,International workshop on High-Level Parallel Programming and Applications,HLPP,CORE2008,C,No,,,
1491,International Workshop on Image Analysis and Information Fusion,IAIF,CORE2008,C,No,,,
1499,International Workshop on Logic and Complexity in Computer Science,LCCS,CORE2008,C,No,,,
1507,"International Workshop on Multimedia Data Storage, Retrieval, Integration and Applications",MDSRIA,CORE2008,C,No,,,
1508,International Workshop on Multimedia Signal Processing,MMSP,CORE2008,A,No,,,
1510,International Symposium on Parameterized and Exact Computation (was IWPEC pre 2004),IPEC,CORE2008,B,No,,,
1518,International Workshop on Randomization and Computation,RANDOM,CORE2008,A,No,,,
1521,International Workshop on Requirements Engineering: Foundation for Software Quality,REFSQ,CORE2008,B,Yes,,,
1522,International Workshop on Research Issues in Data Engineering,RIDE,CORE2008,B,No,,,
1529,International Workshop on Software and Compilers for Embedded Systems,SCOPES,CORE2008,A,No,,,
1531,International Workshop on Software Process Simulation and Modelling (now ICSP),PROSim,CORE2008,B,No,,,
1538,International Workshop on the Web and Databases,WebDB,CORE2008,C,No,,,
1541,International Workshop on Web and Wireless Geographical Information Systems,W2GIS,CORE2008,C,No,,,
1542,International Workshop on Web Content Caching and Distribution,WCW,CORE2008,B,No,,,
1547,International Workshops on First-Order Theorem Proving,FTP,CORE2008,B,No,,,
1548,International World Wide Web Conference,WWW,CORE2008,A*,Yes,,,
1550,Internationale Tagung Wirtschaftsinformatik,DITW,CORE2008,B,No,,,
1551,Internet Measurement Conference,IMC,CORE2008,A,No,,,
1552,Internet Research,AOIR,CORE2008,B,No,,,
1553,Internet Society Conference,INET,CORE2008,B,No,,,
1556,ISCA International Conference on Computer Applications in Industry and Engineering,CAINE,CORE2008,C,No,,,
1558,Italian Conference on Theoretical Computer Science,ICTCS,CORE2008,L,Yes,,,
1567,Joint Australia and New Zealand Biennial Conference on Digital Image and Vision Computing,DIVC,CORE2008,L,Yes,,,
1568,Joint Conference on Information Sciences,JCIS,CORE2008,C,No,,,
1569,Joint Conference on New Methods in Language Processing and Computational Natural Language Learning,NeMLaP,CORE2008,C,No,,,
1570,Joint European Conference and Exhibition on Geographical Information Systems,JECGI,CORE2008,C,No,,,
1574,Joint Modular Languages Conference,JMLC,CORE2008,B,No,,,
1576,Joint workshop on Multimodal Interaction and Related Machine Learning Algorithms (now ICMI-MLMI),MLMI,CORE2008,B,No,,,
1580,"Knowledge Acquisition, Modelling and Management Workshop (No longer Exists)",KAW,CORE2008,C,No,,,
1581,Knowledge and Data Engineering Exchange Workshop,KDEX,CORE2008,C,No,,,
1582,Knowledge capture,K-CAP,CORE2008,A,No,,,
1583,Knowledge Discovery and Data Mining in Biological Databases Meeting,KDDMBD,CORE2008,C,No,,,
1585,Knowledge Representation Meets Databases,KRDB,CORE2008,C,No,,,
1588,"Language Descriptions, Tools and Applications",LDTA,CORE2008,B,No,,,
1593,Law via the Internet,LI,CORE2008,C,No,,,
1595,Logic and Engineering of Natural Language Semantics,LENLS,CORE2008,B,No,,,
1596,Logic Programming and Automated Reasoning,LPAR,CORE2008,A,No,,,
1597,Logical Foundations of Computer Science,LFCS,CORE2008,B,No,,,
1598,"Logics in Artificial Intelligence, European Conference",JELIA,CORE2008,A,No,,,
1603,Massively Parallel Processing Using Optional Interconnections,MPPOI,CORE2008,B,No,,,
1605,Mathematics of Program Construction,MPC,CORE2008,B,No,,,
1606,Mechatronics and Machine Vision in Practice,M2VIP,CORE2008,B,No,,,
1610,Methods Effectives en Geometrie Algebrique,MEGA,CORE2008,B,Yes,,,
1614,Mining for Enhanced Web Search,MEWS,CORE2008,C,No,,,
1617,Mobility in Databases and Distributed Systems,MDDS,CORE2008,C,No,,,
1625,NAISO Congress on Autonomous Intelligent Systems,NAISO,CORE2008,C,No,,,
1626,NASA LaRC Formal Methods Workshop,LARC,CORE2008,C,Yes,,,
1627,National Advisory Committee on Computing Qualifications,NACCQ,CORE2008,L,Yes,,,
1628,National Conference Communications,NCC,CORE2008,B,Yes,,,
1629,National Conference of the American Association for Artificial Intelligence,AAAI,CORE2008,A*,No,,,
1630,National Conference on Computer and Information Systems,NCCIS,CORE2008,C,Yes,,,
1632,National Database Conference (China),NDB,CORE2008,C,Yes,,,
1638,Network and Operating System Support for Digital Audio and Video,NOSSDAV,CORE2008,A,No,,,
1647,Nordic Workshop on Secure IT Systems,NordSec,CORE2008,L,Yes,,,
1648,North American Association for Computational Linguistics,NAACL,CORE2008,A,No,,,
1650,North American Fuzzy Information Processing Society Conference,NAFIPS,CORE2008,C,Yes,,,
1651,Norwegian Computer Human Interaction,NORDCHI,CORE2008,B,Yes,,,
1655,Optimization: Techniques And Applications,OTA,CORE2008,C,No,,,
1656,Organisations and Society in Information Systems Workshop,OASIS,CORE2008,C,No,,,
1657,Pacific Asia Conference on Information Systems,PACIS,CORE2008,B,No,,,
1658,"Pacific Asia Conference on Language, Information and Computation",PACLIC,CORE2008,B,No,,,
1659,Pacific Asian Conference on Expert Systems,PACES,CORE2008,B,No,,,
1660,Pacific Conference on Computer Graphics and Applications,PG,CORE2008,A,No,,,
1661,Pacific Rim International Conference on Artificial Intelligence,PRICAI,CORE2008,B,No,,,
1663,International Conference on Principles of Practice in Multi-Agent Systems (prior to 2009 was Pacific Rim International Workshop on Multi-Agents),PRIMA,CORE2008,B,Yes,,,
1664,Pacific Rim Knowledge Acquisition Workshop,PKAW,CORE2008,B,No,,,
1666,Pacific Symposium on Biocomputing,PSB,CORE2008,C,No,,,
1667,Pacific-Asia Conference on Knowledge Discovery and Data Mining,PAKDD,CORE2008,A,Yes,,,
1668,Pacific-Asia Workshop on Electronic Commerce,PAWEC,CORE2008,C,No,,,
1671,Pan Pacific Conference on Information Systems,PPCIS,CORE2008,C,No,,,
1672,Pan-Sydney Area Workshop on Visual Information Processing,VIP,CORE2008,C,No,,,
1673,Parallel and Distributed Information Systems,PDIS,CORE2008,C,No,,,
1674,Parallel Computing,PARCO,CORE2008,C,No,,,
1676,Parallel Problem Solving from Nature,PPSN,CORE2008,A,No,,,
1677,Participatory Design Conference,PDC,CORE2008,A,No,,,
1678,Passive and Active Measurement Conference,PAM,CORE2008,B,No,,,
1682,Portuguese Conference on Artificial Intelligence,EPIA,CORE2008,B,Yes,,,
1685,Practical Application of Intelligent Agents and Multi-Agent Technology Conference,PAAM,CORE2008,C,No,,,
1686,Practical Aspects of Declarative Languages,PADL,CORE2008,A,No,,,
1687,Practical Aspects of PROLOG/Constraint Technology,PAP/PACT,CORE2008,C,No,,,
1688,Practice and Theory of Automated Timetabling,PATAT,CORE2008,B,No,,,
1691,Principles and Practice of Parallel Programming,PPoPP,CORE2008,A,No,,,
1696,Product Focused Software Process Improvement,PROFES,CORE2008,B,Yes,,,
1701,Real Time Systems Symposium,RTSS,CORE2008,A*,No,,,
1708,Robot Soccer World Cup,RoboCup,CORE2008,A,No,,,
1709,Robotics: Science and Systems,RSS,CORE2008,A*,No,,,
1710,RSA Conference,RSA,CORE2008,B,No,,,
1713,Scandinavian Conference on Artificial Intelligence,SCAI,CORE2008,B,Yes,,,
1714,Scandinavian Workshop on Algorithm Theory,SWAT,CORE2008,A,Yes,,,
1715,Scottish Functional Programming Workshop,SFP,CORE2008,C,Yes,,,
1721,Sensor Networks,Sensor Networks,CORE2008,C,No,,,
1727,SIAM International Conference on Data Mining,SDM,CORE2008,A,No,,,
1733,Simulation Technology and Training Conference,SimTecT,CORE2008,C,No,,,
1734,Singapore International Conference on Intelligent Systems,SPICIS,CORE2008,B,No,,,
1737,Smart Card Research and Advanced Application Conference,CARDIS,CORE2008,B,No,,,
1740,Software Education Conference,SRIG-ET,CORE2008,C,No,,,
1743,Software Quality Conference,SQC,CORE2008,C,No,,,
1744,Software Technology and Engineering Practice Conference,STEP,CORE2008,B,No,,,
1751,Spatial Information Research Centre Colloquium,SIRC,CORE2008,C,No,,,
1752,Spatial Information Science and Technology Conference,SIST,CORE2008,C,No,,,
1754,SPIE Conference on Performance and Control of Network Systems,PCNS,CORE2008,C,No,,,
1755,SPIE Conference on Visual Data Exploration and Analysis,VDEA,CORE2008,C,No,,,
1757,IEEE International Conference on Visual Communications and Image Processing (was SPIE ... pre 2011),VCIP,CORE2008,A,No,,,
1763,Static Analysis Symposium,SAS,CORE2008,A,Yes,,,
1766,Structural and Syntactical Pattern Recognition,SSPR,CORE2008,A,No,,,
1768,Summer Computer Simulation Conference,SCSC,CORE2008,B,No,,,
1770,Symposia on VLSI Technology and Circuits,VLSI,CORE2008,A,No,,,
1771,Symposium Model Analysis and Simulation of Computer and Telecommunications Systems,MASCOTS,CORE2008,A,No,,,
1774,"Symposium on Abstraction, Reformulation and Approximation",SARA,CORE2008,A,No,,,
1777,Symposium on Advances in DB and Information Systems,ADBIS,CORE2008,B,No,,,
1778,Symposium on Assessment of Quality S/W Dev Tools,AQSDT,CORE2008,C,No,,,
1780,"Symposium On Combinatorics, Algorithms, Probabilistic and Experimental Methodologies",ESCAPE,CORE2008,C,No,,,
1782,"Symposium on Design, Analysis, and Simulation of Distributed Systems",DASD,CORE2008,C,No,,,
1786,Symposium on Information Technology and Information Systems,ITIS,CORE2008,C,No,,,
1788,Symposium on Logical Formalizations of Commonsense Reasoning,COMMONSENSE,CORE2008,B,No,,,
1789,"Symposium on Networked Systems, Design and Implementation",NSDI,CORE2008,A,No,,,
1790,Symposium on Parallelism in Algorithms and Architectures,SPAA,CORE2008,A,No,,,
1791,Symposium on Programs as Data Objects,PADO,CORE2008,C,No,,,
1792,Symposium on Reliable Distributed Systems,SRDS,CORE2008,A,No,,,
1793,Symposium on Requirements Engineering for Information Security,SREIS,CORE2008,C,No,,,
1794,"Symposium on Stabilization, Safety, and Security of Distributed Systems",SSS,CORE2008,C,No,,,
1795,"Symposium on Stochastic Algorithms, Foundations and Applications",SAGA,CORE2008,B,No,,,
1800,Technology for Interactive Digital Storytelling (merged into ICIDS in 2008),TIDSE,CORE2008,C,No,,,
1809,The Modelling and Simulation Society of Australia and New Zealand Meeting,ANZMODS,CORE2008,L,Yes,,,
1810,The Northern Formal Methods Workshops,NFM,CORE2008,C,Yes,,,
1814,Theoretical Aspects of Rationality and Knowledge,TARK,CORE2008,A,No,,,
1818,Tools and Algorithms for Construction and Analysis of Systems,TACAS,CORE2008,A,No,,,
1825,ACM International Joint Conference on Pervasive and Ubiquitous Computing (PERVASIVE and UbiComp combined from 2013),UbiComp,CORE2008,A*,No,,,
1826,UK Academy of Information Systems Conference,UKAIS,CORE2008,B,Yes,,,
1830,Unconventional Models of Computation,UMC,CORE2008,B,No,,,
1832,United Kingdom Systems Society,UKSS,CORE2008,B,Yes,,,
1834,"Machines, Computations and Universality (was Universal Machines and Computations)",MCU,CORE2008,B,No,,,
1838,Usenix Annual Technical Conference,USENIX,CORE2008,A,No,,,
1840,Usenix Network and Distributed System Security Symposium,NDSS,CORE2008,A,Yes,,,
1841,Usenix Security Symposium,USENIX-Security,CORE2008,B,Yes,,,
1842,Usenix Symposium on Operating Systems Design and Implementation,OSDI,CORE2008,A*,No,,,
1845,USENIX Workshop on Hot Topics in Operating Systems,HotOS,CORE2008,A,No,,,
1847,"Verification, Model Checking and Abstract Interpretation",VMCAI,CORE2008,A,No,,,
1854,Visual Languages and Formal Methods,VLFM,CORE2008,C,No,,,
1861,Western Australian Workshop on Information Systems Research,WAWISR,CORE2008,L,Yes,,,
1863,Western Decision Sciences Institute Conference,WDSI,CORE2008,C,Yes,,,
1865,Winter Simulation Conference,WSC,CORE2008,B,No,,,
1869,Workshop on Algorithm Engineering,WAE,CORE2008,B,No,,,
1870,Workshop on Algorithm Engineering and Experiments,ALENEX,CORE2008,A,No,,,
1873,Workshop on Algorithms And Models For The Web Graph,WAW,CORE2008,C,No,,,
1874,Workshop on Algorithms in Bioinformatics,WABI,CORE2008,B,No,,,
1876,Workshop on Analytic Algorithmics and Combinatorics,ANALCO,CORE2008,B,No,,,
1886,Workshop on Combinatorial and Algorithmic Aspects of Networking,CAAN,CORE2008,B,No,,,
1889,Workshop on Computational Geometry and Applications,CGA,CORE2008,B,No,,,
1894,Workshop on Cryptographic Hardware and Embedded Systems,CHES,CORE2008,B,Yes,,,
1896,Workshop on Data Engineering for Wireless and Mobile Access,MobiDE,CORE2008,C,No,,,
1897,Workshop on Database Technology for Virtual Enterprises,DTVE?,CORE2008,C,No,,,
1905,Workshop on Formal Techniques for Java-like Programs,FTfJP,CORE2008,C,No,,,
1908,Workshop On Java For High-Performance Computing,JHPC,CORE2008,C,No,,,
1911,Workshop on Logic and Learning,L&L,CORE2008,C,No,,,
1912,"Workshop on Logic, Language, Information and Computation",WoLLIC,CORE2008,B,No,,,
1915,Workshop on Multiparadigm Programming with OO Languages,MPOOL,CORE2008,C,No,,,
1917,Workshop on Network-Related Data Management,NRDM,CORE2008,C,No,,,
1919,Workshop on Object-Oriented Database Systems,OODBS,CORE2008,C,No,,,
1929,Workshop on Real-Time Databases,RTDB,CORE2008,C,No,,,
1930,Workshop on Research Issues in Data Mining and Knowledge Discovery,DMKD,CORE2008,C,No,,,
1934,Workshop on Security and Privacy in e-Commerce,SPEC,CORE2008,B,No,,,
1937,Workshop on Theoretical and Algorithmic Aspects of Sensor and Ad-hoc Networks,WTASA,CORE2008,C,No,,,
1940,World Computer Congress,WCC,CORE2008,C,No,,,
1941,World Conference on the WWW and Internet,WebNet,CORE2008,C,No,,,
1943,"World Congress in Computer Science, Computer Engineering, and Applied Computing",WORLDCOMP,CORE2008,C,No,,,
1947,World Congress on Expert Systems,WCES,CORE2008,B,No,,,
1948,World Congress on Medical and Health Informatics,MEDINFO,CORE2008,B,No,,,
1949,World Congress on Neural Networks,WCNN,CORE2008,B,No,,,
1954,Australasian Document Computing Symposium,ADCS,CORE2008,B,Yes,,,
1955,"IASTED International Conferenceon AI, Exp Sys & Neural Networks",AEN,CORE2008,C,Yes,,,
1957,IASTED International Conference on Applied Informatics,AI,CORE2008,C,Yes,,,
1958,Artificial Intelligence and Applications Conference,AIA,CORE2008,C,No,,,
1959,Australian Institute of Computer Ethics Conference,AICEC,CORE2008,Australasian,No,,,
1960,International Conference on AI in Design,AID,CORE2008,A,No,,,
1961,International Conference on Artificial Intelligence in Education,AIED,CORE2008,A,No,,,
1964,Algorithms and Experiments,ALEX,CORE2008,B,No,,,
1966,Australasian Language Techology Workshop,ALTA,CORE2008,B,Yes,,,
1968,American Medical Informatics Annual Fall Symposium,AMIA,CORE2008,A,No,,,
1969,Asia Pacific Association for Medical Informatics Conference,APAMI,CORE2008,B,Yes,,,
1970,Joint Conference on Declarative Programming APPIA-GULP-PRODE,APPIA/GULP/PRODE,CORE2008,C,No,,,
1972,National Conference of the Australian Robot Association,ARA,CORE2008,B,Yes,,,
1973,Australasian Remote Sensing Conference,ARSC,CORE2008,L,Yes,,,
1974,Chicago ASA Data Mining Conference- A Hard Look at DM,ASADM,CORE2008,B,Yes,,,
1975,IASTED International Conference on Artificial Intelligence and Soft Computing,ASC,CORE2008,C,Yes,,,
1976,Annual conference of American Society for Information Science and Technology,ASIS&T,CORE2008,A,Yes,,,
1977,IASTED International Conference on Applied Simulation and Modelling,ASM,CORE2008,C,Yes,,,
1978,National Conference of The Australian Society for Operations Research,ASOR,CORE2008,L,Yes,,,
1980,Australian Joint Conference on Artificial Intelligence,AusAI,CORE2008,B,Yes,,,
1981,Australian Women in IT Conference,AusWIT,CORE2008,B,Yes,,,
1984,Argentine Workshop on Theoretical Informatics,AWTI,CORE2008,B,Yes,,,
1985,IEEE/IFAC Joint Symposium on Intelligent Control,CACSD,CORE2008,B,No,,,
1986,IASTED International Conference on Computers and Advanced Technology in Education,CATE,CORE2008,C,Yes,,,
1987,International Command and Control Research and Technology Symposium,CCRTS,CORE2008,C,No,,,
1988,"Intelligent Multimedia, Computing and Communications Technologies and Applications of the Future ",CCTAF,CORE2008,C,No,,,
1989,"IEEE Conference on Electronic Commerce Technology and Enterprise Computing, e_Commerce and e-Services ",CBI (was CEC/EEE),CORE2008,B,No,,,
1994,IEEE Computer Security Foundations Workshop,CSFW,CORE2008,A,No,,,
1995,Annual Conference on Computer Science Logic,CSL,CORE2008,B,No,,,
1996,Design Automation Conf,DAC,CORE2008,A,No,,,
1997,Digital Audio Effects Conference,DAFX,CORE2008,B,No,,,
1998,International Workshop on Document Analysis Systems,DAS,CORE2008,A,Yes,,,
1999,Australian Pattern Recognition Society Conference,DICTA,CORE2008,B,Yes,,,
2000,Joint DICTA & IVCNZ,DICTA/IVCNZ,CORE2008,C,No,,,
2002,Doing IT at Melbourne,DITAM,CORE2008,L,No,,,
2003,ACM Symposium on Document Engineering,DocEng,CORE2008,A,Yes,,,
2004,Deductive and Object-Oriented Databases,DOOD,CORE2008,A,No,,,
2006,Distributed Simulation Symposium,DSS,CORE2008,B,No,,,
2007,International Conference on Decision Support Through Knowledge Management,DSTKM,CORE2008,C,No,,,
2008,Information Systems &Technologies /SPIE Conference on Digital Video Compression Algorithms & Techniques,DVAT,CORE2008,C,No,,,
2009,International Workshop on Principles of Diagnosis,DX,CORE2008,B,No,,,
2010,IEEE Dynamic Spectrum Access Networks,DYSPAN,CORE2008,B,No,,,
2011,Engineering Applications of Artifical Intelligence,EAAI,CORE2008,A,No,,,
2013,International Conference on Theory and Practice of Digital Libraries (was ECDL until 2010),TPDL,CORE2008,A,Yes,,,
2014,"World Conference on Educational Multimedia, Hypermedia and Telecommunications ",ED-MEDIA,CORE2008,B,No,,,
2016,Engineering Federated Information (Database) Systems,EFIS/EFDBS,CORE2008,C,Yes,,,
2017,Joint Meeting of the European Frequency and Time Forum and the Institute of Electrical and Electronics Engineers In,EFTF/IFCS,CORE2008,C,No,,,
2018,European Grid Conference,EGC,CORE2008,B,No,,,
2019,The Annual International Conference of the IEEE Engineering in Medicine and Biology Society,EMBC,CORE2008,C,No,,,
2021,Extended Semantic Web Conference (was European Semantic Web Conference),ESWC,CORE2008,A,Yes,,,
2022,International European Conference on Parallel and Distributed Computing (was International Conference on Parallel Processing),EuroPar,CORE2008,A,No,,,
2025,European Workshop on Learning Robots,EWLR,CORE2008,B,No,,,
2026,IEEE Symposium on Field Programmable Custom Computing Machines,FCCM,CORE2008,A,No,,,
2027,Frontiers in Education,FIE,CORE2008,B,No,,,
2029,Formal Techniques in Real-Time and Fault Tolerant Systems,FTRTFT,CORE2008,B,No,,,
2030,IEEE Global Telecommunications Conference,GLOBECOM,CORE2008,B,No,,,
2032,Human Language Technologies,HLT,CORE2008,B,No,,,
2033,Symposium on High Performance Chips,HOTCHIPS (HCS),CORE2008,A,No,,,
2035,International Conference on High Performance Computing and Networking,HPCN,CORE2008,B,No,,,
2036,IADIS International Conference Applied Computing,IADIS AC,CORE2008,C,No,,,
2037,IEEE Industry Applications Society Annual Conference,IAS,CORE2008,C,No,,,
2038,International Conference on Computer Communication and Networks,ICCCN,CORE2008,A,No,,,
2039,IFAC Conference on Automation,ICA,CORE2008,C,No,,,
2040,International Conference of Asian Digital Libraries,ICADL,CORE2008,A,No,,,
2041,International Conference on Artificial Neural Networks and Genetic Algorithms,ICANNGA,CORE2008,C,No,,,
2042,"IEEE International Conference on Acoustics, Speech and Signal Processing",ICASSP,CORE2008,B,No,,,
2044,International Conference on Computing and Information,ICCI,CORE2008,B,No,,,
2045,IEEE International Conference on Computer Languages,ICCL,CORE2008,A,No,,,
2046,International Conference on Communication Systems and Applications,ICCSA,CORE2008,C,No,,,
2047,IEEE International Conference on Document Analysis and Recognition,ICDAR,CORE2008,A,Yes,,,
2050,International Conference on Multi Agent Systems,ICMAS,CORE2008,A,No,,,
2051,IEEE International Conference on Robotics and Automation,ICRA,CORE2008,B,No,,,
2052,International Computer Symposium Conference,ICSC2,CORE2008,A,No,,,
2056,"IEEE Conference on Information, Decision and Control",IDC,CORE2008,C,No,,,
2057,International Database Conference (HK CS),IDC(W),CORE2008,L,No,,,
2058,IDF Congress,IDFC,CORE2008,C,No,,,
2061,IEEE Congress on Evolutionary Computation,CEC,CORE2008,A,Yes,,,
2062,Intelligent Vehicles Conference,IEEE-IV,CORE2008,B,No,,,
2063,IEEE International Conference on Multimedia Computing and Systems,IEEE-MM,CORE2008,A,No,,,
2064,IEEE Transactions on Knowledge and Data Engineering,IEEETKDE,CORE2008,A,No,,,
2065,Intenational Environmental Modelling and Software Society,iEMSs,CORE2008,C,No,,,
2066,International Federation of Automatic Control World Congress,IFAC,CORE2008,C,No,,,
2067,IFIP WG 11.3 Working Conference on Data and Applications Security (also known as DBSEC),DBSEC,CORE2008,A,Yes,,,
2068,International Joint Conference on Computational Linguistics,IJCNLP2,CORE2008,B,No,,,
2069,International Logic Programming Symposium,ILPS,CORE2008,A,No,,,
2070,"IASTED International Conference on Internet, Multimedia Systems and Applications",IMSA,CORE2008,C,Yes,,,
2071,IEEE Intell Network Workshop,IN,CORE2008,B,No,,,
2072,International Conference on Applications of Prolog (no information after 2013),INAP,CORE2008,C,No,,,
2073,IEEE International Symposium on Intelligence in Neural & Biological Systems,INBS,CORE2008,B,No,,,
2074,IEEE International Conference on Computer Communications,INFOCOM,CORE2008,A*,No,,,
2076,IEEE International Conference on Intelligent Processing Systems,IPS,CORE2008,C,No,,,
2078,Information Resources Management Association International Conference,IRMA,CORE2008,B,No,,,
2080,IASTED International Conference on Intelligent Systems and Control,ISC,CORE2008,C,Yes,,,
2081,IEEE International Solid-State Circuits Conference,ISSCC,CORE2008,A,No,,,
2082,Israel Symposium on Theory of Computing and Systems,ISTCS,CORE2008,A,Yes,,,
2083,International Conference on IT Based Higher Education and Training,ITHET,CORE2008,C,No,,,
2084,IEEE International Workshop on Cluster Computing and the Grid,IWCC,CORE2008,C,No,,,
2085,ACM Conference on Digital Libraries,JCDL,CORE2008,A*,No,,,
2088,IEEE LAN/MAN Workshop,LANMAN,CORE2008,C,No,,,
2089,IASTED International conference Law and Technology,LawTech,CORE2008,C,Yes,,,
2091,International Workshop on Logic Programming and Multi-Agents,LPMA,CORE2008,B,No,,,
2092,Language Resources and Evaluation Conference,LREC,CORE2008,C,No,,,
2093,Symposium on Frontiers of Massively Parallel Processing,MassPar,CORE2008,A,No,,,
2094,Australian Conference on Mathematics and Computers in Sport,MCSpo,CORE2008,L,Yes,,,
2096,"IASTED International Conference on Modelling, Identification, and Control",MIC,CORE2008,C,Yes,,,
2097,Malaysia International Conference on Communications,MICC,CORE2008,Regional,No,,,
2098,International Symposium on Microarchitecture,MICRO,CORE2008,A,No,,,
2099,IEEE International Conference on Multimedia in Education,MME,CORE2008,C,No,,,
2100,Multiple Objective Decision Support System Conference,MODSS,CORE2008,C,No,,,
2101,IASTED International Conference on Modelling and Simulation,MS,CORE2008,C,Yes,,,
2104,"Net Object Days (Includings MATES, ENASE etc.)",MATES ENASE,CORE2008,A,No,,,
2105,Network Storage Symposium,NetStore,CORE2008,A,No,,,
2106,"Annual IASTED International Conference on Networks, Parallel and Distributed Processing and Applications",NPDP,CORE2008,C,Yes,,,
2107,Open and Distance Learning Association of Australia Bienniel Forum,ODLA,CORE2008,L,Yes,,,
2108,"Joint OECC, IOCC & ACOFT",OESS/IOCC/ACOFT,CORE2008,C,No,,,
2109,International Conference on Object Oriented Information Systems,OOIS,CORE2008,C,No,,,
2110,IEEE Conference on Open Architecture and Network Programming,OPENARCH,CORE2008,A,No,,,
2111,PACES & ICIL,P&I,CORE2008,C,No,,,
2112,Post-Graduate ADFA Conference on Computer Science,PACCS,CORE2008,L,No,,,
2113,IASTED International Conference on Parallel and Distributed Computing and Networks,PDCN,CORE2008,C,Yes,,,
2114,IASTED International Conference on Parallel and Distributed Computing and Systems,PDCS,CORE2008,C,Yes,,,
2115,Joint AUPEC & EECON,PEC&CON,CORE2008,C,No,,,
2116,"IFIP International Symposium on Computing Performance, Modelling, Measurement and Evaluation ",PERFORMANCE,CORE2008,A,No,,,
2117,International Symposium on Physical Design,PHYSDES,CORE2008,C,No,,,
2118,Symposium on Programming Language Implementation and Logic Programming,PLILP,CORE2008,B,No,,,
2119,IEEE Pacific-Rim Conference on Multimedia,PMIP,CORE2008,C,Yes,,,
2120,Performance Tools - International Conference on Model Techniques & Tools for CPE,PT,CORE2008,A,No,,,
2122,IASTED International Conference on Robotics and Manufacturing,RM,CORE2008,C,Yes,,,
2123,International Conference on Rewriting Techniques and Applications (now merged with FSCD Formal Structures for Computation and Deduction),RTA,CORE2008,A,No,,,
2124,Unix Symposium on Operating Systems Design and Implementation,SDSDI,CORE2008,A,No,,,
2125,IASTED International Conference on Software Engineering,SE,CORE2008,C,Yes,,,
2126,IASTED International Conference on Software Engineering and Applications,SEA,CORE2008,C,Yes,,,
2130,International Conference on Software Engineering: Education and Practice,SEEP,CORE2008,B,No,,,
2131,International NZ Conference on Computer-Human Interaction,SIGCHI-NZ,CORE2008,B,No,,,
2133,IASTED International Conference on Signal and Image Processing,SIP,CORE2008,C,Yes,,,
2134,Society for Information Technology and Teacher Education Conference,SITE,CORE2008,C,No,,,
2135,IEEE International Symposium on Software Metrics,SMS,CORE2008,A,No,,,
2136,Software Process Improvement and Capability Determination,SPICE,CORE2008,A,Yes,,,
2137,ACM Symposium on Software Reusability,SSR,CORE2008,A,No,,,
2140,Theory and Applications of Knowledge MAnagement,TAKMA,CORE2008,C,No,,,
2141,International Conference on Technology Education,TE,CORE2008,C,No,,,
2143,Text Retrieval Conference,TREC,CORE2008,A,No,,,
2144,Unix Symposium on Internet Technologies,USITS,CORE2008,A,No,,,
2145,University of Western Australia Computer Science Research Conference,UWACS,CORE2008,L,Yes,,,
2147,"IASTED International Conference on Visualization, Imaging, and Image Processing",VIIP,CORE2008,C,Yes,,,
2149,International Workshop on Artificial Intelligence and Statistics,WAIS,CORE2008,B,No,,,
2150,World Conference on Computers in Education,WCCE,CORE2008,C,No,,,
2151,World Congress on Systems Simulation,WCSS,CORE2008,B,No,,,
2152,Workshop on Distributed Algorithms (DISC since 1998),WDAG,CORE2008,B,No,,,
2154,International Computer Symposium Workshop,WICS,CORE2008,C,No,,,
2155,"World Multi-Conference on Systemics, Cybernetics and Informatics",WMSCI,CORE2008,C,No,,,
2158,"Informatics in Education (journal, congress, symposium, etc all under this name - can't rank)",,CORE2008,C,No,,,
693,IEEE International Symposium on Artificial Life,IEEE Alife,CORE2008,A,No,0801,,
77,"International Conference for High Performance Computing, Networking, Storage and Analysis (was Supercomputing Conference)",SC,CORE2008,A,No,0805,,
